{"physician_id": "MED-000001", "name": "Sra. Jade Nascimento", "crm": "16313/PA", "specialty": "Endocrinologia", "contacts": {"email": "machadoana-julia@lopes.com", "phones": ["+55 21 8433 8073"]}, "address": {"city": "Azevedo do Oeste", "state": "PI", "country": "BR"}}
{"physician_id": "MED-000002", "name": "José Martins", "crm": "61633/RR", "specialty": "Endocrinologia", "contacts": {"email": "leticia15@teixeira.net", "phones": ["0900-694-0338"]}, "address": {"city": "da Luz", "state": "ES", "country": "BR"}}
{"physician_id": "MED-000003", "name": "Lorena Castro", "crm": "81719/PB", "specialty": "Nefrologia", "contacts": {"email": "ramosfelipe@cunha.net", "phones": ["+55 84 8202-5203"]}, "address": {"city": "Cunha", "state": "BA", "country": "BR"}}
{"physician_id": "MED-000004", "name": "Olívia da Cruz", "crm": "46672/ES", "specialty": "Cardiologia", "contacts": {"email": "evelynvargas@das.br", "phones": ["+55 31 5460-4613"]}, "address": {"city": "Machado dos Dourados", "state": "RR", "country": "BR"}}
{"physician_id": "MED-000005", "name": "Pietra Sampaio", "crm": "66534/RS", "specialty": "Clínico", "contacts": {"email": "brunamendonca@peixoto.br", "phones": ["(051) 5400-6449"]}, "address": {"city": "Moreira", "state": "CE", "country": "BR"}}
{"physician_id": "MED-000006", "name": "Isabela Fernandes", "crm": "76167/RN", "specialty": "Pediatria", "contacts": {"email": "eduardo06@martins.br", "phones": ["41 5172 1434"]}, "address": {"city": "Montenegro", "state": "AM", "country": "BR"}}
{"physician_id": "MED-000007", "name": "Rhavi Cavalcanti", "crm": "51877/GO", "specialty": "Ginecologia", "contacts": {"email": "ysampaio@pires.org", "phones": ["0500 431 1090"]}, "address": {"city": "Fernandes", "state": "MG", "country": "BR"}}
{"physician_id": "MED-000008", "name": "João Brito", "crm": "30911/RO", "specialty": "Clínico", "contacts": {"email": "fernandessara@cavalcanti.org", "phones": ["0900 113 1539"]}, "address": {"city": "Siqueira", "state": "PB", "country": "BR"}}
{"physician_id": "MED-000009", "name": "Bianca Cunha", "crm": "23581/MS", "specialty": "Clínico", "contacts": {"email": "hellena82@costa.com", "phones": ["(061) 3961-1902"]}, "address": {"city": "Freitas dos Dourados", "state": "RJ", "country": "BR"}}
{"physician_id": "MED-000010", "name": "Pedro Miguel Viana", "crm": "24833/PR", "specialty": "Pediatria", "contacts": {"email": "ana-julia34@rocha.net", "phones": ["+55 31 1405 5692"]}, "address": {"city": "Casa Grande de Goiás", "state": "MA", "country": "BR"}}
{"physician_id": "MED-000011", "name": "Melina Cassiano", "crm": "28748/AC", "specialty": "Ginecologia", "contacts": {"email": "azevedoantonio@vasconcelos.br", "phones": ["+55 (031) 1101-9755"]}, "address": {"city": "da Mata", "state": "DF", "country": "BR"}}
{"physician_id": "MED-000012", "name": "Natália Camargo", "crm": "63408/SC", "specialty": "Ginecologia", "contacts": {"email": "heloisa62@da.br", "phones": ["(084) 7070 8242"]}, "address": {"city": "Sales", "state": "SE", "country": "BR"}}
{"physician_id": "MED-000013", "name": "Srta. Cecília Moraes", "crm": "42276/CE", "specialty": "Pediatria", "contacts": {"email": "benjamin79@correia.br", "phones": ["51 5117 2621"]}, "address": {"city": "Rodrigues", "state": "SE", "country": "BR"}}
{"physician_id": "MED-000014", "name": "Joana Machado", "crm": "19527/AM", "specialty": "Pediatria", "contacts": {"email": "alveslucas-gabriel@costa.br", "phones": ["+55 81 1806-2850"]}, "address": {"city": "da Cruz", "state": "CE", "country": "BR"}}
{"physician_id": "MED-000015", "name": "Heloisa da Conceição", "crm": "92471/CE", "specialty": "Pediatria", "contacts": {"email": "diaspedro-lucas@camara.com", "phones": ["(021) 4565-8267"]}, "address": {"city": "Alves", "state": "PB", "country": "BR"}}
{"physician_id": "MED-000016", "name": "Vitor Nogueira", "crm": "62223/SP", "specialty": "Clínico", "contacts": {"email": "manuella18@carvalho.net", "phones": ["+55 (051) 5557 1945"]}, "address": {"city": "Carvalho da Mata", "state": "MG", "country": "BR"}}
{"physician_id": "MED-000017", "name": "Brenda Castro", "crm": "90192/PR", "specialty": "Ginecologia", "contacts": {"email": "rebeca36@sales.com", "phones": ["71 4451-5007"]}, "address": {"city": "Ribeiro", "state": "BA", "country": "BR"}}
{"physician_id": "MED-000018", "name": "Sra. Maria Laura Jesus", "crm": "35468/CE", "specialty": "Ginecologia", "contacts": {"email": "yporto@das.com", "phones": ["+55 (031) 4836 8319"]}, "address": {"city": "Fonseca de Goiás", "state": "SP", "country": "BR"}}
{"physician_id": "MED-000019", "name": "Alexia Caldeira", "crm": "61847/AC", "specialty": "Nefrologia", "contacts": {"email": "vitor-gabrielsa@cavalcante.net", "phones": ["0500-163-4038"]}, "address": {"city": "Macedo da Praia", "state": "PA", "country": "BR"}}
{"physician_id": "MED-000020", "name": "Maria Alice Marques", "crm": "38865/CE", "specialty": "Pediatria", "contacts": {"email": "crezende@freitas.com", "phones": ["0300-468-1888"]}, "address": {"city": "Martins", "state": "RR", "country": "BR"}}
{"physician_id": "MED-000021", "name": "Leonardo da Costa", "crm": "21423/ES", "specialty": "Endocrinologia", "contacts": {"email": "maria-ceciliacavalcante@martins.br", "phones": ["(071) 3266 1657"]}, "address": {"city": "Duarte de da Cruz", "state": "MG", "country": "BR"}}
{"physician_id": "MED-000022", "name": "Beatriz Melo", "crm": "62608/PB", "specialty": "Ginecologia", "contacts": {"email": "da-conceicaomarcos-vinicius@araujo.net", "phones": ["+55 (031) 9575 3963"]}, "address": {"city": "Garcia de Goiás", "state": "MT", "country": "BR"}}
{"physician_id": "MED-000023", "name": "Henry Jesus", "crm": "39942/PB", "specialty": "Cardiologia", "contacts": {"email": "oliveiramirella@ferreira.com", "phones": ["+55 84 8352-0754"]}, "address": {"city": "Rezende", "state": "RJ", "country": "BR"}}
{"physician_id": "MED-000024", "name": "Zoe Alves", "crm": "99933/AL", "specialty": "Clínico", "contacts": {"email": "alima@fogaca.org", "phones": ["0900 852 4544"]}, "address": {"city": "Fernandes", "state": "TO", "country": "BR"}}
{"physician_id": "MED-000025", "name": "Mirella Pires", "crm": "16237/BA", "specialty": "Endocrinologia", "contacts": {"email": "fcostela@cavalcanti.net", "phones": ["(011) 1146 7824"]}, "address": {"city": "Santos", "state": "PI", "country": "BR"}}
{"physician_id": "MED-000026", "name": "Rhavi Barbosa", "crm": "14876/BA", "specialty": "Pediatria", "contacts": {"email": "eloah60@peixoto.com", "phones": ["81 3514 9413"]}, "address": {"city": "Novais de Teixeira", "state": "BA", "country": "BR"}}
{"physician_id": "MED-000027", "name": "Lara da Rosa", "crm": "48141/AL", "specialty": "Ginecologia", "contacts": {"email": "raquelduarte@nascimento.br", "phones": ["(084) 0733 3207"]}, "address": {"city": "Costa", "state": "AM", "country": "BR"}}
{"physician_id": "MED-000028", "name": "Miguel Rocha", "crm": "48821/RR", "specialty": "Pediatria", "contacts": {"email": "joao-felipe54@pastor.br", "phones": ["+55 (011) 4729 1853"]}, "address": {"city": "Fogaça das Flores", "state": "AP", "country": "BR"}}
{"physician_id": "MED-000029", "name": "Sr. Augusto Vieira", "crm": "33581/AP", "specialty": "Endocrinologia", "contacts": {"email": "danielamachado@da.org", "phones": ["(041) 9515 4265"]}, "address": {"city": "Peixoto", "state": "BA", "country": "BR"}}
{"physician_id": "MED-000030", "name": "Júlia Siqueira", "crm": "66150/RS", "specialty": "Ginecologia", "contacts": {"email": "alvesluna@machado.org", "phones": ["+55 (041) 2281 4262"]}, "address": {"city": "da Paz de Moraes", "state": "SP", "country": "BR"}}
{"physician_id": "MED-000031", "name": "Ana Lívia Mendes", "crm": "69826/AP", "specialty": "Pediatria", "contacts": {"email": "zmendes@vargas.br", "phones": ["+55 21 8577-0396"]}, "address": {"city": "Mendonça de Araújo", "state": "AP", "country": "BR"}}
{"physician_id": "MED-000032", "name": "Rodrigo Cavalcante", "crm": "38464/PI", "specialty": "Ginecologia", "contacts": {"email": "rocharafael@cardoso.br", "phones": ["21 8055 6677"]}, "address": {"city": "Sá das Flores", "state": "ES", "country": "BR"}}
{"physician_id": "MED-000033", "name": "Allana Farias", "crm": "66574/MG", "specialty": "Cardiologia", "contacts": {"email": "zcastro@da.br", "phones": ["+55 21 9206 9122"]}, "address": {"city": "Brito", "state": "PI", "country": "BR"}}
{"physician_id": "MED-000034", "name": "Davi Luiz Fogaça", "crm": "91670/PA", "specialty": "Endocrinologia", "contacts": {"email": "tlima@da.com", "phones": ["+55 (031) 9557 7317"]}, "address": {"city": "da Costa do Sul", "state": "PE", "country": "BR"}}
{"physician_id": "MED-000035", "name": "Renan Andrade", "crm": "91006/RO", "specialty": "Cardiologia", "contacts": {"email": "danielpastor@da.com", "phones": ["+55 71 8292-4964"]}, "address": {"city": "Dias", "state": "GO", "country": "BR"}}
{"physician_id": "MED-000036", "name": "Helena Teixeira", "crm": "59049/DF", "specialty": "Nefrologia", "contacts": {"email": "otavio06@araujo.br", "phones": ["81 6845 3446"]}, "address": {"city": "Silveira", "state": "PE", "country": "BR"}}
{"physician_id": "MED-000037", "name": "Matheus Pires", "crm": "25317/RJ", "specialty": "Endocrinologia", "contacts": {"email": "hpacheco@rezende.br", "phones": ["71 4052-5897"]}, "address": {"city": "da Costa", "state": "PR", "country": "BR"}}
{"physician_id": "MED-000038", "name": "Rodrigo Jesus", "crm": "34980/AL", "specialty": "Endocrinologia", "contacts": {"email": "camilarezende@pinto.com", "phones": ["+55 31 7066 2410"]}, "address": {"city": "Silveira de Minas", "state": "RS", "country": "BR"}}
{"physician_id": "MED-000039", "name": "Raquel Garcia", "crm": "22437/PR", "specialty": "Cardiologia", "contacts": {"email": "marianasilva@carvalho.net", "phones": ["+55 31 4324-1582"]}, "address": {"city": "Leão", "state": "PA", "country": "BR"}}
{"physician_id": "MED-000040", "name": "Sr. Bryan Ribeiro", "crm": "53267/MA", "specialty": "Cardiologia", "contacts": {"email": "clarice84@alves.br", "phones": ["84 0638 9607"]}, "address": {"city": "Fogaça", "state": "SC", "country": "BR"}}
{"physician_id": "MED-000041", "name": "Thales Farias", "crm": "66120/RJ", "specialty": "Endocrinologia", "contacts": {"email": "dda-conceicao@correia.com", "phones": ["61 6389 1256"]}, "address": {"city": "Silveira", "state": "GO", "country": "BR"}}
{"physician_id": "MED-000042", "name": "Levi Borges", "crm": "29099/MA", "specialty": "Endocrinologia", "contacts": {"email": "vitor-hugoramos@casa.com", "phones": ["21 6182-6849"]}, "address": {"city": "Guerra do Amparo", "state": "MT", "country": "BR"}}
{"physician_id": "MED-000043", "name": "Caio Nunes", "crm": "41806/SP", "specialty": "Pediatria", "contacts": {"email": "rochacaleb@castro.br", "phones": ["61 2060 9595"]}, "address": {"city": "da Conceição", "state": "AM", "country": "BR"}}
{"physician_id": "MED-000044", "name": "Yuri Sá", "crm": "92340/GO", "specialty": "Ginecologia", "contacts": {"email": "matteo39@mendes.com", "phones": ["+55 11 2412-4288"]}, "address": {"city": "da Cruz", "state": "BA", "country": "BR"}}
{"physician_id": "MED-000045", "name": "Arthur Silva", "crm": "19839/GO", "specialty": "Ginecologia", "contacts": {"email": "luan52@lopes.br", "phones": ["(021) 7490-0020"]}, "address": {"city": "Ribeiro", "state": "AC", "country": "BR"}}
{"physician_id": "MED-000046", "name": "Ian Macedo", "crm": "55990/SP", "specialty": "Endocrinologia", "contacts": {"email": "sarahferreira@da.com", "phones": ["+55 81 6584-6096"]}, "address": {"city": "Vasconcelos de Minas", "state": "RN", "country": "BR"}}
{"physician_id": "MED-000047", "name": "Yan Oliveira", "crm": "89196/PI", "specialty": "Clínico", "contacts": {"email": "theocampos@moreira.br", "phones": ["+55 84 1466 6071"]}, "address": {"city": "da Mota Alegre", "state": "MT", "country": "BR"}}
{"physician_id": "MED-000048", "name": "Isaque Fernandes", "crm": "54156/SP", "specialty": "Endocrinologia", "contacts": {"email": "araujocaleb@camara.br", "phones": ["41 9255-6477"]}, "address": {"city": "Dias da Praia", "state": "PE", "country": "BR"}}
{"physician_id": "MED-000049", "name": "Sr. Ian Costela", "crm": "45605/RO", "specialty": "Endocrinologia", "contacts": {"email": "beatrizsilveira@correia.br", "phones": ["+55 81 5353-0159"]}, "address": {"city": "Nogueira", "state": "AL", "country": "BR"}}
{"physician_id": "MED-000050", "name": "Mariane Sampaio", "crm": "67073/PE", "specialty": "Endocrinologia", "contacts": {"email": "melissaaraujo@das.com", "phones": ["(021) 7371 6225"]}, "address": {"city": "Cavalcante de Pereira", "state": "RO", "country": "BR"}}
{"physician_id": "MED-000051", "name": "Isadora Borges", "crm": "72688/CE", "specialty": "Clínico", "contacts": {"email": "vicenteguerra@costela.br", "phones": ["84 5638 3977"]}, "address": {"city": "Montenegro Verde", "state": "RN", "country": "BR"}}
{"physician_id": "MED-000052", "name": "Dr. Brayan Nogueira", "crm": "98617/MS", "specialty": "Clínico", "contacts": {"email": "yago08@vieira.com", "phones": ["11 6991 3406"]}, "address": {"city": "Pires das Flores", "state": "ES", "country": "BR"}}
{"physician_id": "MED-000053", "name": "Srta. Júlia Pires", "crm": "16930/PB", "specialty": "Clínico", "contacts": {"email": "cmachado@da.com", "phones": ["0900-891-1521"]}, "address": {"city": "Lopes", "state": "SP", "country": "BR"}}
{"physician_id": "MED-000054", "name": "Luana Peixoto", "crm": "44538/CE", "specialty": "Endocrinologia", "contacts": {"email": "camilacunha@guerra.net", "phones": ["+55 (031) 8870 6762"]}, "address": {"city": "da Luz", "state": "MT", "country": "BR"}}
{"physician_id": "MED-000055", "name": "Levi Carvalho", "crm": "82545/AC", "specialty": "Endocrinologia", "contacts": {"email": "ceciliaramos@sa.br", "phones": ["+55 (011) 6018-2135"]}, "address": {"city": "Macedo Alegre", "state": "PR", "country": "BR"}}
{"physician_id": "MED-000056", "name": "Gabrielly Rocha", "crm": "63065/MG", "specialty": "Nefrologia", "contacts": {"email": "camaraolivia@nunes.br", "phones": ["+55 21 6594-2154"]}, "address": {"city": "Brito", "state": "RJ", "country": "BR"}}
{"physician_id": "MED-000057", "name": "Sr. Igor da Cruz", "crm": "51446/PB", "specialty": "Clínico", "contacts": {"email": "stellaborges@dias.org", "phones": ["+55 71 5909-0944"]}, "address": {"city": "Casa Grande das Pedras", "state": "TO", "country": "BR"}}
{"physician_id": "MED-000058", "name": "Guilherme Pinto", "crm": "64194/PE", "specialty": "Cardiologia", "contacts": {"email": "qandrade@goncalves.com", "phones": ["+55 81 0020 8488"]}, "address": {"city": "Aparecida do Galho", "state": "AM", "country": "BR"}}
{"physician_id": "MED-000059", "name": "Eloah Pacheco", "crm": "74893/AM", "specialty": "Pediatria", "contacts": {"email": "alexandre45@barros.br", "phones": ["+55 84 1567 2609"]}, "address": {"city": "Fogaça Verde", "state": "SE", "country": "BR"}}
{"physician_id": "MED-000060", "name": "Júlia Peixoto", "crm": "16677/AM", "specialty": "Clínico", "contacts": {"email": "cunhamaria-helena@guerra.com", "phones": ["+55 (071) 1994-8924"]}, "address": {"city": "Teixeira de Pacheco", "state": "GO", "country": "BR"}}
{"physician_id": "MED-000061", "name": "Bruno Cunha", "crm": "69291/MS", "specialty": "Clínico", "contacts": {"email": "cassianoluara@freitas.com", "phones": ["+55 (051) 0895-1586"]}, "address": {"city": "Azevedo de Aragão", "state": "MG", "country": "BR"}}
{"physician_id": "MED-000062", "name": "Igor Câmara", "crm": "80080/SP", "specialty": "Cardiologia", "contacts": {"email": "bruno11@farias.com", "phones": ["+55 (041) 9662-6142"]}, "address": {"city": "Martins", "state": "RJ", "country": "BR"}}
{"physician_id": "MED-000063", "name": "Lívia Borges", "crm": "79523/MT", "specialty": "Nefrologia", "contacts": {"email": "dcassiano@moraes.com", "phones": ["(011) 8049 0861"]}, "address": {"city": "Pinto Verde", "state": "RS", "country": "BR"}}
{"physician_id": "MED-000064", "name": "Ana Carolina Cavalcanti", "crm": "23134/PB", "specialty": "Pediatria", "contacts": {"email": "silveirabenjamim@costela.com", "phones": ["(084) 0075-5785"]}, "address": {"city": "Leão", "state": "PA", "country": "BR"}}
{"physician_id": "MED-000065", "name": "Nicole Nogueira", "crm": "55683/TO", "specialty": "Clínico", "contacts": {"email": "erick81@cirino.br", "phones": ["(061) 9741-4994"]}, "address": {"city": "Rios", "state": "BA", "country": "BR"}}
{"physician_id": "MED-000066", "name": "Sr. Gustavo Macedo", "crm": "15452/MT", "specialty": "Nefrologia", "contacts": {"email": "mariane07@vasconcelos.br", "phones": ["+55 21 5050 8688"]}, "address": {"city": "Cunha das Flores", "state": "RO", "country": "BR"}}
{"physician_id": "MED-000067", "name": "Catarina Guerra", "crm": "63741/AP", "specialty": "Nefrologia", "contacts": {"email": "ninacorreia@caldeira.br", "phones": ["(084) 4982 7597"]}, "address": {"city": "Lima da Mata", "state": "SP", "country": "BR"}}
{"physician_id": "MED-000068", "name": "Ana Cecília da Paz", "crm": "87298/CE", "specialty": "Nefrologia", "contacts": {"email": "ana-beatriz49@sales.com", "phones": ["0900-253-2476"]}, "address": {"city": "Fernandes", "state": "MS", "country": "BR"}}
{"physician_id": "MED-000069", "name": "Lorena Nunes", "crm": "24015/PE", "specialty": "Cardiologia", "contacts": {"email": "lorenzoda-conceicao@araujo.br", "phones": ["+55 41 9884-5778"]}, "address": {"city": "Fernandes da Praia", "state": "AP", "country": "BR"}}
{"physician_id": "MED-000070", "name": "Felipe Sá", "crm": "37540/PA", "specialty": "Ginecologia", "contacts": {"email": "guerrayasmin@barros.br", "phones": ["+55 (041) 4588-4125"]}, "address": {"city": "Lima do Norte", "state": "PR", "country": "BR"}}
{"physician_id": "MED-000071", "name": "Julia Marques", "crm": "41692/RS", "specialty": "Nefrologia", "contacts": {"email": "thomas90@barbosa.com", "phones": ["(084) 5713 7429"]}, "address": {"city": "da Mata", "state": "AM", "country": "BR"}}
{"physician_id": "MED-000072", "name": "Dr. João Vitor Moraes", "crm": "79890/MA", "specialty": "Ginecologia", "contacts": {"email": "olivercavalcanti@silveira.net", "phones": ["41 4085-8196"]}, "address": {"city": "Brito Verde", "state": "AC", "country": "BR"}}
{"physician_id": "MED-000073", "name": "Luísa Macedo", "crm": "78162/MT", "specialty": "Nefrologia", "contacts": {"email": "bella64@vargas.com", "phones": ["+55 61 7656-2164"]}, "address": {"city": "Moreira", "state": "DF", "country": "BR"}}
{"physician_id": "MED-000074", "name": "Caio Moraes", "crm": "34992/PA", "specialty": "Clínico", "contacts": {"email": "da-pazesther@sampaio.com", "phones": ["(081) 0115 4194"]}, "address": {"city": "Oliveira do Amparo", "state": "RR", "country": "BR"}}
{"physician_id": "MED-000075", "name": "Sra. Cecília Alves", "crm": "37021/GO", "specialty": "Cardiologia", "contacts": {"email": "beniciogarcia@ramos.com", "phones": ["(011) 9354 8354"]}, "address": {"city": "Abreu", "state": "PB", "country": "BR"}}
{"physician_id": "MED-000076", "name": "João Vitor Duarte", "crm": "31545/TO", "specialty": "Nefrologia", "contacts": {"email": "ravi-lucca73@leao.com", "phones": ["+55 81 9164-1971"]}, "address": {"city": "Pimenta", "state": "RO", "country": "BR"}}
{"physician_id": "MED-000077", "name": "Olívia Cirino", "crm": "61286/MS", "specialty": "Nefrologia", "contacts": {"email": "vasconcelosemanuelly@sales.br", "phones": ["+55 41 0245 7270"]}, "address": {"city": "Pimenta Verde", "state": "RN", "country": "BR"}}
{"physician_id": "MED-000078", "name": "Luan Brito", "crm": "14306/TO", "specialty": "Endocrinologia", "contacts": {"email": "cunhaleandro@teixeira.br", "phones": ["0900 431 6247"]}, "address": {"city": "Souza de Oliveira", "state": "AP", "country": "BR"}}
{"physician_id": "MED-000079", "name": "Ana Sophia Guerra", "crm": "40199/MS", "specialty": "Pediatria", "contacts": {"email": "ybarros@jesus.com", "phones": ["+55 (061) 0449-4119"]}, "address": {"city": "Sousa", "state": "RJ", "country": "BR"}}
{"physician_id": "MED-000080", "name": "Maria Eduarda Borges", "crm": "95355/TO", "specialty": "Cardiologia", "contacts": {"email": "helenadas-neves@pires.com", "phones": ["0300-972-0191"]}, "address": {"city": "Cavalcante do Campo", "state": "SP", "country": "BR"}}
{"physician_id": "MED-000081", "name": "Sr. Daniel Ribeiro", "crm": "58530/DF", "specialty": "Endocrinologia", "contacts": {"email": "araujolais@da.com", "phones": ["(021) 8130 0356"]}, "address": {"city": "Nunes", "state": "AP", "country": "BR"}}
{"physician_id": "MED-000082", "name": "Esther Correia", "crm": "83312/MA", "specialty": "Ginecologia", "contacts": {"email": "almeidaester@novais.org", "phones": ["+55 41 5315-8113"]}, "address": {"city": "Nascimento", "state": "BA", "country": "BR"}}
{"physician_id": "MED-000083", "name": "Renan Silva", "crm": "50951/TO", "specialty": "Ginecologia", "contacts": {"email": "duartepietro@melo.com", "phones": ["21 1694 8005"]}, "address": {"city": "Freitas", "state": "TO", "country": "BR"}}
{"physician_id": "MED-000084", "name": "João Gabriel Macedo", "crm": "17941/PE", "specialty": "Pediatria", "contacts": {"email": "josuecirino@fogaca.net", "phones": ["(084) 0061 6254"]}, "address": {"city": "da Costa", "state": "MT", "country": "BR"}}
{"physician_id": "MED-000085", "name": "Breno Monteiro", "crm": "45245/RR", "specialty": "Pediatria", "contacts": {"email": "emanuelnascimento@cavalcanti.net", "phones": ["+55 (011) 9814-8058"]}, "address": {"city": "Lima da Prata", "state": "SP", "country": "BR"}}
{"physician_id": "MED-000086", "name": "Liz Rocha", "crm": "72863/AC", "specialty": "Clínico", "contacts": {"email": "ulima@vasconcelos.com", "phones": ["51 2241 3135"]}, "address": {"city": "Gonçalves", "state": "DF", "country": "BR"}}
{"physician_id": "MED-000087", "name": "Rodrigo Leão", "crm": "10926/MA", "specialty": "Ginecologia", "contacts": {"email": "rhaviaraujo@vasconcelos.br", "phones": ["21 5922 3665"]}, "address": {"city": "Aragão", "state": "PE", "country": "BR"}}
{"physician_id": "MED-000088", "name": "Maria Cecília Rezende", "crm": "56455/PA", "specialty": "Pediatria", "contacts": {"email": "melojose-pedro@rocha.br", "phones": ["0900 340 4362"]}, "address": {"city": "Santos da Serra", "state": "SE", "country": "BR"}}
{"physician_id": "MED-000089", "name": "Gabriela da Costa", "crm": "42609/ES", "specialty": "Endocrinologia", "contacts": {"email": "uduarte@mendes.br", "phones": ["+55 61 2948-9037"]}, "address": {"city": "Pinto da Praia", "state": "PA", "country": "BR"}}
{"physician_id": "MED-000090", "name": "Heloisa Teixeira", "crm": "73384/SP", "specialty": "Pediatria", "contacts": {"email": "emanuelmartins@jesus.org", "phones": ["0500-388-2357"]}, "address": {"city": "Aparecida Paulista", "state": "AP", "country": "BR"}}
{"physician_id": "MED-000091", "name": "Maya Andrade", "crm": "25603/PI", "specialty": "Cardiologia", "contacts": {"email": "acosta@sampaio.com", "phones": ["(084) 6233-7204"]}, "address": {"city": "Costela de Monteiro", "state": "GO", "country": "BR"}}
{"physician_id": "MED-000092", "name": "Luiz Henrique Mendonça", "crm": "90698/AL", "specialty": "Cardiologia", "contacts": {"email": "oliver88@cavalcante.net", "phones": ["+55 11 8895-1493"]}, "address": {"city": "Montenegro", "state": "ES", "country": "BR"}}
{"physician_id": "MED-000093", "name": "Srta. Maria Liz Mendes", "crm": "18296/MT", "specialty": "Clínico", "contacts": {"email": "amoreira@rezende.br", "phones": ["(041) 2500-0203"]}, "address": {"city": "Pereira", "state": "AC", "country": "BR"}}
{"physician_id": "MED-000094", "name": "Davi Luiz da Cunha", "crm": "60178/SP", "specialty": "Ginecologia", "contacts": {"email": "mrodrigues@brito.com", "phones": ["71 3967 1499"]}, "address": {"city": "Lopes do Galho", "state": "SE", "country": "BR"}}
{"physician_id": "MED-000095", "name": "Bárbara Vieira", "crm": "86025/MS", "specialty": "Clínico", "contacts": {"email": "kcampos@abreu.com", "phones": ["21 0284-3726"]}, "address": {"city": "Barbosa", "state": "TO", "country": "BR"}}
{"physician_id": "MED-000096", "name": "Beatriz da Rocha", "crm": "27957/SC", "specialty": "Pediatria", "contacts": {"email": "eduardafreitas@jesus.net", "phones": ["(051) 0897-0685"]}, "address": {"city": "Pereira do Campo", "state": "AM", "country": "BR"}}
{"physician_id": "MED-000097", "name": "Dr. João Vitor Rezende", "crm": "70124/SP", "specialty": "Endocrinologia", "contacts": {"email": "luna92@da.br", "phones": ["+55 41 1077-5879"]}, "address": {"city": "Pereira", "state": "DF", "country": "BR"}}
{"physician_id": "MED-000098", "name": "Julia Casa Grande", "crm": "36387/SE", "specialty": "Pediatria", "contacts": {"email": "gsampaio@pimenta.org", "phones": ["31 2928 7565"]}, "address": {"city": "da Costa", "state": "PA", "country": "BR"}}
{"physician_id": "MED-000099", "name": "Pedro Miguel Novais", "crm": "28216/MT", "specialty": "Cardiologia", "contacts": {"email": "sampaiojoaquim@souza.br", "phones": ["61 7098 2918"]}, "address": {"city": "Teixeira", "state": "RO", "country": "BR"}}
{"physician_id": "MED-000100", "name": "Fernando Pinto", "crm": "98743/PA", "specialty": "Cardiologia", "contacts": {"email": "rodriguesjuliana@camargo.net", "phones": ["84 3020-9646"]}, "address": {"city": "Farias", "state": "SE", "country": "BR"}}
{"physician_id": "MED-000101", "name": "João Guilherme Caldeira", "crm": "80706/PR", "specialty": "Endocrinologia", "contacts": {"email": "monteirobento@marques.org", "phones": ["+55 (051) 5137 5800"]}, "address": {"city": "Cassiano", "state": "MT", "country": "BR"}}
{"physician_id": "MED-000102", "name": "Benicio Silveira", "crm": "53533/RR", "specialty": "Cardiologia", "contacts": {"email": "nicole00@cunha.br", "phones": ["0500 718 9001"]}, "address": {"city": "da Conceição", "state": "AM", "country": "BR"}}
{"physician_id": "MED-000103", "name": "Dra. Valentina Fogaça", "crm": "39916/SE", "specialty": "Cardiologia", "contacts": {"email": "nogueiralorena@cirino.net", "phones": ["+55 21 8658 4870"]}, "address": {"city": "Oliveira", "state": "AM", "country": "BR"}}
{"physician_id": "MED-000104", "name": "Calebe Cirino", "crm": "72518/RS", "specialty": "Pediatria", "contacts": {"email": "qcunha@rodrigues.org", "phones": ["71 3317 1515"]}, "address": {"city": "Cirino", "state": "RN", "country": "BR"}}
{"physician_id": "MED-000105", "name": "Renan da Conceição", "crm": "77273/DF", "specialty": "Cardiologia", "contacts": {"email": "martinscaio@da.com", "phones": ["+55 (081) 4569 2124"]}, "address": {"city": "Aragão", "state": "RO", "country": "BR"}}
{"physician_id": "MED-000106", "name": "Isis Fogaça", "crm": "77261/MT", "specialty": "Endocrinologia", "contacts": {"email": "da-rochajose-pedro@montenegro.br", "phones": ["(051) 3241 3190"]}, "address": {"city": "Borges Paulista", "state": "SE", "country": "BR"}}
{"physician_id": "MED-000107", "name": "Juliana da Cruz", "crm": "87785/AM", "specialty": "Clínico", "contacts": {"email": "mendesjade@monteiro.br", "phones": ["21 4881-7795"]}, "address": {"city": "Moreira", "state": "RR", "country": "BR"}}
{"physician_id": "MED-000108", "name": "Carlos Eduardo Souza", "crm": "51654/GO", "specialty": "Pediatria", "contacts": {"email": "laviniacavalcanti@nascimento.br", "phones": ["+55 (071) 6052-0524"]}, "address": {"city": "Sales", "state": "MA", "country": "BR"}}
{"physician_id": "MED-000109", "name": "Sofia Cavalcante", "crm": "94818/MT", "specialty": "Clínico", "contacts": {"email": "wmacedo@caldeira.br", "phones": ["+55 81 0367-8719"]}, "address": {"city": "Farias de Rezende", "state": "RN", "country": "BR"}}
{"physician_id": "MED-000110", "name": "Eloah Rodrigues", "crm": "83505/MS", "specialty": "Pediatria", "contacts": {"email": "vargasvinicius@azevedo.org", "phones": ["81 9270-0165"]}, "address": {"city": "Costa", "state": "MG", "country": "BR"}}
{"physician_id": "MED-000111", "name": "Bella Viana", "crm": "37402/BA", "specialty": "Endocrinologia", "contacts": {"email": "novaismanuela@viana.com", "phones": ["+55 (031) 4441-5953"]}, "address": {"city": "Mendes", "state": "RO", "country": "BR"}}
{"physician_id": "MED-000112", "name": "Sophie Marques", "crm": "64008/PI", "specialty": "Pediatria", "contacts": {"email": "dompeixoto@teixeira.br", "phones": ["71 0441 4757"]}, "address": {"city": "da Mota dos Dourados", "state": "CE", "country": "BR"}}
{"physician_id": "MED-000113", "name": "Benjamim Costela", "crm": "87564/SE", "specialty": "Nefrologia", "contacts": {"email": "anna-liz61@ribeiro.com", "phones": ["+55 21 4038 5503"]}, "address": {"city": "das Neves de Cassiano", "state": "PI", "country": "BR"}}
{"physician_id": "MED-000114", "name": "Vicente Costa", "crm": "96802/SC", "specialty": "Clínico", "contacts": {"email": "heitor59@correia.net", "phones": ["(031) 6563 3730"]}, "address": {"city": "Farias da Mata", "state": "RS", "country": "BR"}}
{"physician_id": "MED-000115", "name": "Ayla Albuquerque", "crm": "15300/MG", "specialty": "Pediatria", "contacts": {"email": "milenasilva@costela.com", "phones": ["+55 (061) 1184 9665"]}, "address": {"city": "Ferreira", "state": "RO", "country": "BR"}}
{"physician_id": "MED-000116", "name": "Gabriela Casa Grande", "crm": "55079/SP", "specialty": "Ginecologia", "contacts": {"email": "jose38@castro.com", "phones": ["51 5017 2432"]}, "address": {"city": "Nunes do Galho", "state": "MS", "country": "BR"}}
{"physician_id": "MED-000117", "name": "Ana Cecília Cavalcanti", "crm": "54591/RN", "specialty": "Pediatria", "contacts": {"email": "lucas-gabriel00@souza.com", "phones": ["+55 81 4497-7956"]}, "address": {"city": "Peixoto das Pedras", "state": "AM", "country": "BR"}}
{"physician_id": "MED-000118", "name": "Marcela Abreu", "crm": "18340/ES", "specialty": "Ginecologia", "contacts": {"email": "aylacavalcante@dias.com", "phones": ["+55 11 5286 9868"]}, "address": {"city": "Moura do Oeste", "state": "MG", "country": "BR"}}
{"physician_id": "MED-000119", "name": "Ana Vitória Oliveira", "crm": "61787/SC", "specialty": "Clínico", "contacts": {"email": "yda-conceicao@cardoso.br", "phones": ["(041) 6041-7009"]}, "address": {"city": "Correia do Oeste", "state": "MS", "country": "BR"}}
{"physician_id": "MED-000120", "name": "Sr. Thiago Vasconcelos", "crm": "15004/AP", "specialty": "Cardiologia", "contacts": {"email": "gcarvalho@camara.br", "phones": ["(084) 2344-9343"]}, "address": {"city": "Melo", "state": "DF", "country": "BR"}}
{"physician_id": "MED-000121", "name": "Caroline Cunha", "crm": "31241/RJ", "specialty": "Endocrinologia", "contacts": {"email": "gda-mota@peixoto.br", "phones": ["0500-891-8344"]}, "address": {"city": "Souza das Pedras", "state": "GO", "country": "BR"}}
{"physician_id": "MED-000122", "name": "Ana Lívia Camargo", "crm": "76497/BA", "specialty": "Ginecologia", "contacts": {"email": "luigivasconcelos@lopes.net", "phones": ["(084) 3260 3216"]}, "address": {"city": "Moreira", "state": "SE", "country": "BR"}}
{"physician_id": "MED-000123", "name": "Vitória Farias", "crm": "94195/PA", "specialty": "Pediatria", "contacts": {"email": "sampaionicole@caldeira.br", "phones": ["+55 (061) 3666 4986"]}, "address": {"city": "Vargas", "state": "PE", "country": "BR"}}
{"physician_id": "MED-000124", "name": "Emilly Alves", "crm": "43887/AM", "specialty": "Clínico", "contacts": {"email": "heitor89@moura.br", "phones": ["+55 (041) 6322-5874"]}, "address": {"city": "Novaes", "state": "MG", "country": "BR"}}
{"physician_id": "MED-000125", "name": "Isadora Gonçalves", "crm": "13502/MG", "specialty": "Pediatria", "contacts": {"email": "joao-lucasaragao@monteiro.br", "phones": ["(021) 6553-5324"]}, "address": {"city": "Costela", "state": "GO", "country": "BR"}}
{"physician_id": "MED-000126", "name": "Dr. Calebe Peixoto", "crm": "12096/PR", "specialty": "Nefrologia", "contacts": {"email": "azevedoanna-liz@barbosa.br", "phones": ["+55 71 6997-6200"]}, "address": {"city": "Freitas", "state": "SE", "country": "BR"}}
{"physician_id": "MED-000127", "name": "Jade Lopes", "crm": "28013/CE", "specialty": "Nefrologia", "contacts": {"email": "gabriel87@porto.com", "phones": ["+55 31 7331 0179"]}, "address": {"city": "Barbosa Grande", "state": "RR", "country": "BR"}}
{"physician_id": "MED-000128", "name": "Emanuel Castro", "crm": "21815/SP", "specialty": "Nefrologia", "contacts": {"email": "joaquim48@teixeira.br", "phones": ["+55 (061) 9926 8050"]}, "address": {"city": "Macedo da Praia", "state": "RN", "country": "BR"}}
{"physician_id": "MED-000129", "name": "Maria Vitória Rocha", "crm": "48435/SC", "specialty": "Clínico", "contacts": {"email": "laisda-mata@pastor.com", "phones": ["+55 (021) 1484-6705"]}, "address": {"city": "Cardoso", "state": "AC", "country": "BR"}}
{"physician_id": "MED-000130", "name": "Maysa Peixoto", "crm": "94332/RR", "specialty": "Ginecologia", "contacts": {"email": "luigioliveira@nunes.br", "phones": ["(071) 8892-3593"]}, "address": {"city": "Rocha", "state": "MS", "country": "BR"}}
{"physician_id": "MED-000131", "name": "Nina Melo", "crm": "53107/PE", "specialty": "Ginecologia", "contacts": {"email": "sarahramos@aparecida.net", "phones": ["61 3065-5624"]}, "address": {"city": "Barros de da Luz", "state": "SC", "country": "BR"}}
{"physician_id": "MED-000132", "name": "Júlia Rocha", "crm": "25573/RR", "specialty": "Pediatria", "contacts": {"email": "casa-grandediego@monteiro.org", "phones": ["(061) 2577 4398"]}, "address": {"city": "Campos Alegre", "state": "MG", "country": "BR"}}
{"physician_id": "MED-000133", "name": "Isaac Carvalho", "crm": "13746/MT", "specialty": "Endocrinologia", "contacts": {"email": "juanfreitas@vasconcelos.com", "phones": ["+55 21 0833-3173"]}, "address": {"city": "Almeida Paulista", "state": "TO", "country": "BR"}}
{"physician_id": "MED-000134", "name": "Srta. Ana Laura da Rosa", "crm": "67810/AL", "specialty": "Endocrinologia", "contacts": {"email": "helena51@moura.com", "phones": ["71 9330 8328"]}, "address": {"city": "Rios da Mata", "state": "SE", "country": "BR"}}
{"physician_id": "MED-000135", "name": "Sr. Liam Dias", "crm": "95282/TO", "specialty": "Ginecologia", "contacts": {"email": "matheusda-conceicao@pacheco.br", "phones": ["(041) 1817-4007"]}, "address": {"city": "Vasconcelos", "state": "SC", "country": "BR"}}
{"physician_id": "MED-000136", "name": "Cauã Monteiro", "crm": "25368/ES", "specialty": "Pediatria", "contacts": {"email": "ana-carolinasouza@da.net", "phones": ["11 2093-4860"]}, "address": {"city": "Castro de Pereira", "state": "GO", "country": "BR"}}
{"physician_id": "MED-000137", "name": "Hadassa Fernandes", "crm": "96423/RJ", "specialty": "Cardiologia", "contacts": {"email": "caue78@cavalcanti.br", "phones": ["0500-024-7489"]}, "address": {"city": "Albuquerque Paulista", "state": "SC", "country": "BR"}}
{"physician_id": "MED-000138", "name": "Arthur Gabriel Ramos", "crm": "68512/CE", "specialty": "Endocrinologia", "contacts": {"email": "yan94@da.com", "phones": ["(031) 8384-6189"]}, "address": {"city": "Almeida Verde", "state": "RS", "country": "BR"}}
{"physician_id": "MED-000139", "name": "Benjamin Campos", "crm": "44769/RN", "specialty": "Nefrologia", "contacts": {"email": "wrocha@cavalcante.br", "phones": ["41 5179-8463"]}, "address": {"city": "Monteiro do Norte", "state": "MT", "country": "BR"}}
{"physician_id": "MED-000140", "name": "Lavínia Vasconcelos", "crm": "67891/RJ", "specialty": "Cardiologia", "contacts": {"email": "fernandesmarcelo@mendonca.net", "phones": ["0300 044 9685"]}, "address": {"city": "Guerra", "state": "RR", "country": "BR"}}
{"physician_id": "MED-000141", "name": "Carlos Eduardo Marques", "crm": "24047/MG", "specialty": "Clínico", "contacts": {"email": "guilhermerios@freitas.com", "phones": ["61 0483 2158"]}, "address": {"city": "Pereira", "state": "PA", "country": "BR"}}
{"physician_id": "MED-000142", "name": "Daniela Ramos", "crm": "89145/RJ", "specialty": "Cardiologia", "contacts": {"email": "fogacaana-sophia@rios.net", "phones": ["51 9277 7964"]}, "address": {"city": "Souza Grande", "state": "AL", "country": "BR"}}
{"physician_id": "MED-000143", "name": "Dr. Emanuel da Paz", "crm": "66488/PA", "specialty": "Nefrologia", "contacts": {"email": "fernandesliam@silva.org", "phones": ["+55 (041) 2975 5252"]}, "address": {"city": "Freitas dos Dourados", "state": "GO", "country": "BR"}}
{"physician_id": "MED-000144", "name": "Marcela Macedo", "crm": "29692/MG", "specialty": "Pediatria", "contacts": {"email": "antonella81@correia.com", "phones": ["+55 84 2278-9902"]}, "address": {"city": "da Cruz Paulista", "state": "PI", "country": "BR"}}
{"physician_id": "MED-000145", "name": "Renan Gonçalves", "crm": "17157/PI", "specialty": "Clínico", "contacts": {"email": "teixeirabrayan@fernandes.br", "phones": ["0300-717-4177"]}, "address": {"city": "Dias", "state": "RN", "country": "BR"}}
{"physician_id": "MED-000146", "name": "Dante Montenegro", "crm": "92688/SP", "specialty": "Pediatria", "contacts": {"email": "bellagomes@aparecida.br", "phones": ["+55 (021) 3947 2376"]}, "address": {"city": "Machado do Galho", "state": "PI", "country": "BR"}}
{"physician_id": "MED-000147", "name": "Amanda da Rosa", "crm": "84058/RN", "specialty": "Ginecologia", "contacts": {"email": "aparecidabella@sa.net", "phones": ["+55 51 8308 9389"]}, "address": {"city": "Costa de Melo", "state": "PA", "country": "BR"}}
{"physician_id": "MED-000148", "name": "Augusto da Rocha", "crm": "39311/PR", "specialty": "Pediatria", "contacts": {"email": "lauradas-neves@pires.br", "phones": ["(041) 5319-2620"]}, "address": {"city": "Andrade", "state": "RR", "country": "BR"}}
{"physician_id": "MED-000149", "name": "Asafe Costela", "crm": "29886/PB", "specialty": "Endocrinologia", "contacts": {"email": "omartins@nunes.com", "phones": ["0500-591-8837"]}, "address": {"city": "Aparecida Verde", "state": "RR", "country": "BR"}}
{"physician_id": "MED-000150", "name": "Ana Luiza Sales", "crm": "40815/MT", "specialty": "Ginecologia", "contacts": {"email": "mayaduarte@martins.net", "phones": ["+55 21 6579-7151"]}, "address": {"city": "Casa Grande do Galho", "state": "AC", "country": "BR"}}
{"physician_id": "MED-000151", "name": "José Cunha", "crm": "42052/AP", "specialty": "Clínico", "contacts": {"email": "ana-livia82@silva.com", "phones": ["31 3141 0059"]}, "address": {"city": "Duarte de da Conceição", "state": "ES", "country": "BR"}}
{"physician_id": "MED-000152", "name": "Dra. Ísis Castro", "crm": "31029/PA", "specialty": "Endocrinologia", "contacts": {"email": "yago69@novaes.com", "phones": ["11 0257-9350"]}, "address": {"city": "da Mota", "state": "AC", "country": "BR"}}
{"physician_id": "MED-000153", "name": "Mariah Siqueira", "crm": "31441/RJ", "specialty": "Nefrologia", "contacts": {"email": "maria-luisa03@silva.com", "phones": ["+55 (061) 8846-2831"]}, "address": {"city": "Pimenta", "state": "SC", "country": "BR"}}
{"physician_id": "MED-000154", "name": "Sr. José Pedro Leão", "crm": "56028/PI", "specialty": "Clínico", "contacts": {"email": "opereira@santos.com", "phones": ["0900 370 8152"]}, "address": {"city": "Ramos", "state": "TO", "country": "BR"}}
{"physician_id": "MED-000155", "name": "Ian Siqueira", "crm": "17090/PR", "specialty": "Nefrologia", "contacts": {"email": "manuella83@vasconcelos.net", "phones": ["(071) 5446-5671"]}, "address": {"city": "Pacheco", "state": "RS", "country": "BR"}}
{"physician_id": "MED-000156", "name": "Heloísa Moura", "crm": "54251/RO", "specialty": "Pediatria", "contacts": {"email": "emanuelly78@farias.com", "phones": ["+55 (031) 5580 9487"]}, "address": {"city": "Rios Grande", "state": "RN", "country": "BR"}}
{"physician_id": "MED-000157", "name": "Matteo Barros", "crm": "34733/SP", "specialty": "Clínico", "contacts": {"email": "ramosalice@azevedo.br", "phones": ["41 9629-7952"]}, "address": {"city": "Ribeiro de Sampaio", "state": "ES", "country": "BR"}}
{"physician_id": "MED-000158", "name": "Pedro Lucas Rios", "crm": "81392/SP", "specialty": "Clínico", "contacts": {"email": "wmontenegro@lima.net", "phones": ["+55 (031) 0762-6562"]}, "address": {"city": "Pastor", "state": "RN", "country": "BR"}}
{"physician_id": "MED-000159", "name": "Liam Pires", "crm": "75412/PB", "specialty": "Cardiologia", "contacts": {"email": "julia46@ramos.com", "phones": ["+55 (061) 2475 5500"]}, "address": {"city": "da Paz", "state": "DF", "country": "BR"}}
{"physician_id": "MED-000160", "name": "Sabrina Câmara", "crm": "42631/RJ", "specialty": "Cardiologia", "contacts": {"email": "nina23@da.org", "phones": ["51 6623 4867"]}, "address": {"city": "Moreira das Pedras", "state": "RO", "country": "BR"}}
{"physician_id": "MED-000161", "name": "Luigi Duarte", "crm": "98570/MG", "specialty": "Ginecologia", "contacts": {"email": "ayla64@albuquerque.com", "phones": ["(061) 0476 8454"]}, "address": {"city": "Cunha de Minas", "state": "ES", "country": "BR"}}
{"physician_id": "MED-000162", "name": "Bernardo Aparecida", "crm": "83678/RN", "specialty": "Cardiologia", "contacts": {"email": "diasmaria-liz@cassiano.br", "phones": ["+55 (084) 5805-8681"]}, "address": {"city": "Oliveira", "state": "PB", "country": "BR"}}
{"physician_id": "MED-000163", "name": "Davi Miguel Pinto", "crm": "61986/PA", "specialty": "Cardiologia", "contacts": {"email": "hgarcia@nogueira.com", "phones": ["+55 81 4028 7907"]}, "address": {"city": "Costela", "state": "AM", "country": "BR"}}
{"physician_id": "MED-000164", "name": "Ísis da Mata", "crm": "27047/RN", "specialty": "Nefrologia", "contacts": {"email": "xmelo@teixeira.br", "phones": ["11 7611-0620"]}, "address": {"city": "Porto", "state": "MS", "country": "BR"}}
{"physician_id": "MED-000165", "name": "Ryan Aparecida", "crm": "43621/AL", "specialty": "Clínico", "contacts": {"email": "yanda-mota@araujo.br", "phones": ["+55 (021) 8932 9226"]}, "address": {"city": "Moura da Prata", "state": "MT", "country": "BR"}}
{"physician_id": "MED-000166", "name": "Caroline Jesus", "crm": "56417/CE", "specialty": "Endocrinologia", "contacts": {"email": "mourajuliana@cunha.br", "phones": ["+55 (084) 7621 1966"]}, "address": {"city": "Caldeira de Pinto", "state": "RJ", "country": "BR"}}
{"physician_id": "MED-000167", "name": "Clara Camargo", "crm": "57634/GO", "specialty": "Pediatria", "contacts": {"email": "jsampaio@mendonca.br", "phones": ["+55 (041) 7206-3182"]}, "address": {"city": "Sá do Galho", "state": "RJ", "country": "BR"}}
{"physician_id": "MED-000168", "name": "Fernando Montenegro", "crm": "33052/DF", "specialty": "Pediatria", "contacts": {"email": "samuelpeixoto@vieira.net", "phones": ["+55 (061) 1649-8773"]}, "address": {"city": "Ferreira", "state": "BA", "country": "BR"}}
{"physician_id": "MED-000169", "name": "Dr. André Siqueira", "crm": "84724/SE", "specialty": "Clínico", "contacts": {"email": "aragaoesther@sousa.com", "phones": ["71 0232-2717"]}, "address": {"city": "Andrade do Galho", "state": "RJ", "country": "BR"}}
{"physician_id": "MED-000170", "name": "Gael Henrique Camargo", "crm": "91259/GO", "specialty": "Cardiologia", "contacts": {"email": "lramos@camargo.com", "phones": ["+55 31 3571 3987"]}, "address": {"city": "Moura", "state": "GO", "country": "BR"}}
{"physician_id": "MED-000171", "name": "Otto Câmara", "crm": "94528/PB", "specialty": "Pediatria", "contacts": {"email": "ana-clara04@goncalves.com", "phones": ["+55 84 3756 4237"]}, "address": {"city": "Carvalho", "state": "SP", "country": "BR"}}
{"physician_id": "MED-000172", "name": "Melina Gonçalves", "crm": "36040/SE", "specialty": "Nefrologia", "contacts": {"email": "jose61@moreira.com", "phones": ["71 9481-5586"]}, "address": {"city": "Fonseca", "state": "GO", "country": "BR"}}
{"physician_id": "MED-000173", "name": "Julia Câmara", "crm": "67816/ES", "specialty": "Endocrinologia", "contacts": {"email": "sofia77@aragao.net", "phones": ["(081) 3837 0418"]}, "address": {"city": "Nogueira", "state": "PA", "country": "BR"}}
{"physician_id": "MED-000174", "name": "Breno Sales", "crm": "78782/MT", "specialty": "Endocrinologia", "contacts": {"email": "anna-lizcorreia@siqueira.com", "phones": ["+55 (071) 1564-8202"]}, "address": {"city": "Brito", "state": "GO", "country": "BR"}}
{"physician_id": "MED-000175", "name": "Maria Pacheco", "crm": "16929/MG", "specialty": "Pediatria", "contacts": {"email": "rleao@farias.com", "phones": ["+55 31 4211 9305"]}, "address": {"city": "da Conceição", "state": "RN", "country": "BR"}}
{"physician_id": "MED-000176", "name": "Júlia Barros", "crm": "48095/MG", "specialty": "Clínico", "contacts": {"email": "blima@duarte.com", "phones": ["(081) 7573 0795"]}, "address": {"city": "Mendes", "state": "RS", "country": "BR"}}
{"physician_id": "MED-000177", "name": "Vitor Monteiro", "crm": "37664/SP", "specialty": "Clínico", "contacts": {"email": "gcavalcanti@macedo.br", "phones": ["(051) 3074 3405"]}, "address": {"city": "Câmara da Praia", "state": "PE", "country": "BR"}}
{"physician_id": "MED-000178", "name": "Brayan Garcia", "crm": "28510/SP", "specialty": "Pediatria", "contacts": {"email": "diogomelo@da.br", "phones": ["84 6921-7843"]}, "address": {"city": "Rodrigues", "state": "AP", "country": "BR"}}
{"physician_id": "MED-000179", "name": "Dr. Benjamin Barbosa", "crm": "41866/MA", "specialty": "Cardiologia", "contacts": {"email": "santosvalentim@moreira.com", "phones": ["71 0303 1699"]}, "address": {"city": "Marques da Prata", "state": "PB", "country": "BR"}}
{"physician_id": "MED-000180", "name": "Catarina Costa", "crm": "60766/SC", "specialty": "Ginecologia", "contacts": {"email": "tsampaio@pinto.org", "phones": ["31 9327 0145"]}, "address": {"city": "Almeida", "state": "PR", "country": "BR"}}
{"physician_id": "MED-000181", "name": "Ryan Porto", "crm": "89416/RN", "specialty": "Ginecologia", "contacts": {"email": "andrepastor@cirino.org", "phones": ["(041) 5404-1166"]}, "address": {"city": "Melo de da Mota", "state": "SE", "country": "BR"}}
{"physician_id": "MED-000182", "name": "Sr. Lorenzo Azevedo", "crm": "53741/BA", "specialty": "Clínico", "contacts": {"email": "fernanda28@da.com", "phones": ["+55 84 6374 4982"]}, "address": {"city": "Pacheco Paulista", "state": "ES", "country": "BR"}}
{"physician_id": "MED-000183", "name": "Joaquim Santos", "crm": "18128/MT", "specialty": "Endocrinologia", "contacts": {"email": "isismacedo@da.com", "phones": ["84 3474-3194"]}, "address": {"city": "Moura", "state": "ES", "country": "BR"}}
{"physician_id": "MED-000184", "name": "Vitor Hugo Freitas", "crm": "33071/RO", "specialty": "Clínico", "contacts": {"email": "tmoreira@jesus.br", "phones": ["84 6896-4427"]}, "address": {"city": "Montenegro Paulista", "state": "ES", "country": "BR"}}
{"physician_id": "MED-000185", "name": "João Felipe Martins", "crm": "61000/AM", "specialty": "Nefrologia", "contacts": {"email": "moreirajose@almeida.com", "phones": ["(071) 5850-5715"]}, "address": {"city": "Pimenta Verde", "state": "PR", "country": "BR"}}
{"physician_id": "MED-000186", "name": "Enrico Pereira", "crm": "33517/RR", "specialty": "Clínico", "contacts": {"email": "ana-cecilia88@camargo.org", "phones": ["+55 31 7980 6477"]}, "address": {"city": "Macedo da Praia", "state": "RS", "country": "BR"}}
{"physician_id": "MED-000187", "name": "Luiz Otávio Rodrigues", "crm": "11795/MS", "specialty": "Ginecologia", "contacts": {"email": "luiz-otavio57@campos.com", "phones": ["+55 61 6563-8577"]}, "address": {"city": "Cunha", "state": "PA", "country": "BR"}}
{"physician_id": "MED-000188", "name": "Alícia Vasconcelos", "crm": "91112/AM", "specialty": "Cardiologia", "contacts": {"email": "qcamargo@rocha.com", "phones": ["+55 (011) 7395-9942"]}, "address": {"city": "Viana", "state": "PI", "country": "BR"}}
{"physician_id": "MED-000189", "name": "Sra. Alícia da Mota", "crm": "24961/AC", "specialty": "Ginecologia", "contacts": {"email": "jose-pedrocostela@moura.com", "phones": ["61 7758 4656"]}, "address": {"city": "Silva do Campo", "state": "PB", "country": "BR"}}
{"physician_id": "MED-000190", "name": "Dr. Henry Gabriel Rodrigues", "crm": "63013/PI", "specialty": "Pediatria", "contacts": {"email": "garcialuiz-felipe@jesus.br", "phones": ["41 3132-8390"]}, "address": {"city": "Castro das Pedras", "state": "ES", "country": "BR"}}
{"physician_id": "MED-000191", "name": "João Felipe Macedo", "crm": "34276/AL", "specialty": "Ginecologia", "contacts": {"email": "kmendes@garcia.net", "phones": ["+55 31 0777 1665"]}, "address": {"city": "Montenegro", "state": "MS", "country": "BR"}}
{"physician_id": "MED-000192", "name": "Kaique Santos", "crm": "67090/ES", "specialty": "Pediatria", "contacts": {"email": "fferreira@sampaio.br", "phones": ["0300 051 9612"]}, "address": {"city": "Cavalcante", "state": "RJ", "country": "BR"}}
{"physician_id": "MED-000193", "name": "Srta. Emilly Borges", "crm": "92062/MS", "specialty": "Cardiologia", "contacts": {"email": "mariah86@jesus.com", "phones": ["+55 11 9583 9940"]}, "address": {"city": "Nogueira", "state": "AM", "country": "BR"}}
{"physician_id": "MED-000194", "name": "Luiz Felipe Monteiro", "crm": "69328/PB", "specialty": "Clínico", "contacts": {"email": "aurorapacheco@monteiro.org", "phones": ["+55 84 8256 3047"]}, "address": {"city": "Pacheco", "state": "CE", "country": "BR"}}
{"physician_id": "MED-000195", "name": "Sr. Antony Guerra", "crm": "78946/ES", "specialty": "Nefrologia", "contacts": {"email": "oliveiraisis@macedo.com", "phones": ["+55 (011) 7057-8156"]}, "address": {"city": "da Paz", "state": "DF", "country": "BR"}}
{"physician_id": "MED-000196", "name": "Davi Luiz Aparecida", "crm": "61454/SP", "specialty": "Ginecologia", "contacts": {"email": "nalbuquerque@oliveira.com", "phones": ["+55 (041) 2991-8234"]}, "address": {"city": "Caldeira do Norte", "state": "RO", "country": "BR"}}
{"physician_id": "MED-000197", "name": "Isabel Fonseca", "crm": "78431/RR", "specialty": "Cardiologia", "contacts": {"email": "miguelcardoso@pimenta.br", "phones": ["+55 51 0753 1683"]}, "address": {"city": "Pereira de Castro", "state": "AP", "country": "BR"}}
{"physician_id": "MED-000198", "name": "Ísis Pimenta", "crm": "10707/MT", "specialty": "Cardiologia", "contacts": {"email": "bianca68@rocha.com", "phones": ["41 0101-9053"]}, "address": {"city": "Gonçalves da Praia", "state": "PE", "country": "BR"}}
{"physician_id": "MED-000199", "name": "Carolina Pimenta", "crm": "90459/ES", "specialty": "Cardiologia", "contacts": {"email": "lavinia36@pinto.com", "phones": ["+55 (011) 6437 2887"]}, "address": {"city": "Duarte Grande", "state": "SE", "country": "BR"}}
{"physician_id": "MED-000200", "name": "Natália Costela", "crm": "88556/DF", "specialty": "Ginecologia", "contacts": {"email": "mateus89@gomes.net", "phones": ["41 0757 8979"]}, "address": {"city": "Peixoto", "state": "PI", "country": "BR"}}
